{
  "dataset": "ETTh1",
  "timestamp": "2025-12-02T15:11:30.605961",
  "results": {
    "XGBoost": {
      "status": "success",
      "hyperparameters": {
        "n_estimators": 55,
        "max_depth": 3,
        "learning_rate": 0.010145748985881197,
        "subsample": 0.7347390152853027,
        "colsample_bytree": 0.7834697240695936,
        "reg_alpha": 7.635962689328252e-06,
        "reg_lambda": 0.05032833305597624
      },
      "training_history": {
        "training_time": 0.05096697807312012,
        "evals_result": {
          "validation_0": {
            "rmse": [
              1.0852653175524474,
              1.0842933456956778,
              1.0833457699272124,
              1.082441026142799,
              1.0815797983437219,
              1.0806569886012516,
              1.0798345493420913,
              1.0789920826267063,
              1.0781221671494243,
              1.077310149268251,
              1.0765134306156319,
              1.0761591042719794,
              1.075793739043951,
              1.0750369432938567,
              1.074262237054894,
              1.0734693282690038,
              1.0727956523848652,
              1.0720288538389582,
              1.0712577730624155,
              1.0705238052478092,
              1.0697953852687967,
              1.06911332659922,
              1.0684628287122726,
              1.067794821132443,
              1.0671969867069053,
              1.0665288719605373,
              1.0659016383368052,
              1.0652675763194628,
              1.0646530268609293,
              1.0640337658123815,
              1.0634414907443823,
              1.0629007466092373,
              1.0623638017041985,
              1.061814992496915,
              1.0615786370767923,
              1.0610314453673304,
              1.0605001491725896,
              1.0599874778284608,
              1.059437808621847,
              1.0589151165760728,
              1.0583685835135286,
              1.057844098933789,
              1.0573674224158536,
              1.0568937367284368,
              1.0564293334465271,
              1.0559560426326067,
              1.0555224107790826,
              1.0550928935720847,
              1.054631998935242,
              1.0541443017758931,
              1.0536921027799229,
              1.0532689113015803,
              1.0528342329928941,
              1.0524222129342802,
              1.0519537279134281
            ]
          },
          "validation_1": {
            "rmse": [
              0.5410401901456459,
              0.5403101209182624,
              0.5396255527798268,
              0.5389356979131988,
              0.5382818687669048,
              0.5376611395006972,
              0.5369738606706603,
              0.5363985207429888,
              0.535722109343308,
              0.5351874989890724,
              0.5347275035808517,
              0.5345748565078218,
              0.5343553155666823,
              0.5338910702062568,
              0.5334038035510192,
              0.5329123471644295,
              0.5325388576086338,
              0.5321064874683507,
              0.5317039075115058,
              0.5312707574523131,
              0.5309629118962528,
              0.5305646650332523,
              0.5303353455201073,
              0.5299257074208908,
              0.5297075692046355,
              0.5293543727034068,
              0.5289593690498974,
              0.5287500073420655,
              0.5285005922024283,
              0.528257108864737,
              0.5281022112116777,
              0.5279564525146533,
              0.5277119586172878,
              0.5275971087091861,
              0.5275282273558163,
              0.5273715131884482,
              0.5272256409232782,
              0.5270700421950528,
              0.5269093787099652,
              0.526757619734216,
              0.526599656219278,
              0.5264652003874468,
              0.5263689108771418,
              0.5263323793861164,
              0.5262862370749967,
              0.5262828539439687,
              0.5262256572235626,
              0.5262192010752595,
              0.5261482593991255,
              0.5261662157809449,
              0.5260710192204168,
              0.5261060904682417,
              0.5261113073175547,
              0.5261324067749718,
              0.5261543896747665
            ]
          }
        },
        "n_estimators_used": 55
      },
      "evaluation": {
        "rmse": 0.7451515981537887,
        "mae": 0.5009731332079801,
        "mape": 277.7433316575632,
        "r2": 0.1250623999369097,
        "mean_residual": -0.012713700148784661,
        "std_residual": 0.7451873927298776,
        "max_error": 6.1171788906382485,
        "model_name": "XGBoost",
        "n_test_samples": 2583
      },
      "model_path": "/Users/wesdeal/Desktop/Senior Design/SDP_Project_Team01-main/App/backend/Pipeline/models/results/trained_models/ETTh1_XGBoost_20251202_151124",
      "eval_path": "/Users/wesdeal/Desktop/Senior Design/SDP_Project_Team01-main/App/backend/Pipeline/models/results/evaluation_reports/ETTh1_XGBoost_20251202_151124",
      "timestamp": "20251202_151124"
    },
    "RandomForest": {
      "status": "success",
      "hyperparameters": {
        "n_estimators": 202,
        "max_depth": 5,
        "min_samples_split": 9,
        "min_samples_leaf": 1,
        "max_features": "log2",
        "bootstrap": true
      },
      "training_history": {
        "training_time": 0.14159297943115234,
        "n_estimators": 202
      },
      "evaluation": {
        "rmse": 0.7374117905753536,
        "mae": 0.5083951013037977,
        "mape": 572.5522125592074,
        "r2": 0.14314376609432067,
        "mean_residual": -0.03535836863723803,
        "std_residual": 0.7367062190142906,
        "max_error": 6.017952380931583,
        "model_name": "RandomForest",
        "n_test_samples": 2583
      },
      "model_path": "/Users/wesdeal/Desktop/Senior Design/SDP_Project_Team01-main/App/backend/Pipeline/models/results/trained_models/ETTh1_RandomForest_20251202_151130",
      "eval_path": "/Users/wesdeal/Desktop/Senior Design/SDP_Project_Team01-main/App/backend/Pipeline/models/results/evaluation_reports/ETTh1_RandomForest_20251202_151130",
      "timestamp": "20251202_151130"
    }
  }
}