{
  "run_id": "71f478fd-6550-400d-a42d-6ee7535ab96f",
  "ranked_by": "mae",
  "ranking": [
    {
      "rank": 1,
      "model_name": "XGBoost",
      "tier": "classical",
      "primary_metric_value": 0.7872993436189711,
      "is_best": true,
      "all_metrics": {
        "rmse": 1.1302718399111022,
        "mae": 0.7872993436189711,
        "mape": 0.26499687298746855,
        "smape": 0.048162310171557435
      }
    },
    {
      "rank": 2,
      "model_name": "DummyRegressor",
      "tier": "baseline",
      "primary_metric_value": 8.971632466447877,
      "is_best": false,
      "all_metrics": {
        "rmse": 11.03415242322554,
        "mae": 8.971632466447877,
        "mape": 1.6052547820272933,
        "smape": 0.3735561811305464
      }
    },
    {
      "rank": 3,
      "model_name": "Chronos",
      "tier": "specialized",
      "primary_metric_value": 17.715773141093756,
      "is_best": false,
      "all_metrics": {
        "rmse": 20.358655399495362,
        "mae": 17.715773141093756,
        "mape": 1.013726104733978,
        "smape": 0.9241325057366433
      }
    }
  ]
}