{
  "model_name": "XGBoost",
  "hyperparameters": {
    "n_estimators": 55,
    "max_depth": 3,
    "learning_rate": 0.010145748985881197,
    "subsample": 0.7347390152853027,
    "colsample_bytree": 0.7834697240695936,
    "reg_alpha": 7.635962689328252e-06,
    "reg_lambda": 0.05032833305597624
  },
  "is_trained": true,
  "created_at": "2025-12-02 15:11:24",
  "model_type": "XGBoostModel",
  "training_time_seconds": 0.05096697807312012,
  "n_features": 6,
  "n_training_samples": 9296,
  "feature_names": [
    "HUFL",
    "HULL",
    "MUFL",
    "MULL",
    "LUFL",
    "LULL"
  ]
}