{
  "run_id": "50cacf1c-41f2-412a-98a9-b5a30583f80e",
  "ranked_by": "mae",
  "ranking": [
    {
      "rank": 1,
      "model_name": "XGBoost",
      "tier": "classical",
      "primary_metric_value": 0.59299601516392,
      "is_best": true,
      "all_metrics": {
        "rmse": 0.8350010945608423,
        "mae": 0.59299601516392,
        "mape": 0.12195013106485181,
        "smape": 0.11764802826158739
      }
    },
    {
      "rank": 2,
      "model_name": "DummyRegressor",
      "tier": "baseline",
      "primary_metric_value": 8.556194920265558,
      "is_best": false,
      "all_metrics": {
        "rmse": 9.220466521279265,
        "mae": 8.556194920265558,
        "mape": 1.940273661253985,
        "smape": 0.7714918672734278
      }
    }
  ]
}