{
  "run_id": "0f6aa1fb-8f4e-4fd4-bc7b-13aa56a382ca",
  "ranked_by": "mae",
  "ranking": [
    {
      "rank": 1,
      "model_name": "XGBoost",
      "tier": "classical",
      "primary_metric_value": 0.59299601516392,
      "is_best": true,
      "all_metrics": {
        "rmse": 0.8350010945608423,
        "mae": 0.59299601516392,
        "mape": 0.12195013106485181,
        "smape": 0.11764802826158739
      }
    },
    {
      "rank": 2,
      "model_name": "RandomForest",
      "tier": "specialized",
      "primary_metric_value": 1.1837800064684616,
      "is_best": false,
      "all_metrics": {
        "rmse": 1.5797236280744236,
        "mae": 1.1837800064684616,
        "mape": 0.3307778146059406,
        "smape": 0.21719123931062417
      }
    },
    {
      "rank": 3,
      "model_name": "DummyRegressor",
      "tier": "baseline",
      "primary_metric_value": 8.556194920265558,
      "is_best": false,
      "all_metrics": {
        "rmse": 9.220466521279265,
        "mae": 8.556194920265558,
        "mape": 1.940273661253985,
        "smape": 0.7714918672734278
      }
    }
  ]
}